글자,자모1,자모2,자모3,자모4,자모5
가격,ᄀ,ᅡ,ᄀ,ᅧ,ᆨ
가난,ᄀ,ᅡ,ᄂ,ᅡ,ᆫ
가능,ᄀ,ᅡ,ᄂ,ᅳ,ᆼ
가뭄,ᄀ,ᅡ,ᄆ,ᅮ,ᆷ
가방,ᄀ,ᅡ,ᄇ,ᅡ,ᆼ
가상,ᄀ,ᅡ,ᄉ,ᅡ,ᆼ
가슴,ᄀ,ᅡ,ᄉ,ᅳ,ᆷ
가을,ᄀ,ᅡ,ᄋ,ᅳ,ᆯ
가입,ᄀ,ᅡ,ᄋ,ᅵ,ᆸ
가장,ᄀ,ᅡ,ᄌ,ᅡ,ᆼ
가정,ᄀ,ᅡ,ᄌ,ᅥ,ᆼ
가정,ᄀ,ᅡ,ᄌ,ᅥ,ᆼ
가족,ᄀ,ᅡ,ᄌ,ᅩ,ᆨ
가죽,ᄀ,ᅡ,ᄌ,ᅮ,ᆨ
각오,ᄀ,ᅡ,ᆨ,ᄋ,ᅩ
각자,ᄀ,ᅡ,ᆨ,ᄌ,ᅡ
간부,ᄀ,ᅡ,ᆫ,ᄇ,ᅮ
간호,ᄀ,ᅡ,ᆫ,ᄒ,ᅩ
갈비,ᄀ,ᅡ,ᆯ,ᄇ,ᅵ
감기,ᄀ,ᅡ,ᆷ,ᄀ,ᅵ
감사,ᄀ,ᅡ,ᆷ,ᄉ,ᅡ
감소,ᄀ,ᅡ,ᆷ,ᄉ,ᅩ
감자,ᄀ,ᅡ,ᆷ,ᄌ,ᅡ
강도,ᄀ,ᅡ,ᆼ,ᄃ,ᅩ
강도,ᄀ,ᅡ,ᆼ,ᄃ,ᅩ
강사,ᄀ,ᅡ,ᆼ,ᄉ,ᅡ
강의,ᄀ,ᅡ,ᆼ,ᄋ,ᅴ
강제,ᄀ,ᅡ,ᆼ,ᄌ,ᅦ
강조,ᄀ,ᅡ,ᆼ,ᄌ,ᅩ
개방,ᄀ,ᅢ,ᄇ,ᅡ,ᆼ
개별,ᄀ,ᅢ,ᄇ,ᅧ,ᆯ
개선,ᄀ,ᅢ,ᄉ,ᅥ,ᆫ
개성,ᄀ,ᅢ,ᄉ,ᅥ,ᆼ
개인,ᄀ,ᅢ,ᄋ,ᅵ,ᆫ
거실,ᄀ,ᅥ,ᄉ,ᅵ,ᆯ
거액,ᄀ,ᅥ,ᄋ,ᅢ,ᆨ
거울,ᄀ,ᅥ,ᄋ,ᅮ,ᆯ
거짓,ᄀ,ᅥ,ᄌ,ᅵ,ᆺ
거품,ᄀ,ᅥ,ᄑ,ᅮ,ᆷ
건너,ᄀ,ᅥ,ᆫ,ᄂ,ᅥ
건조,ᄀ,ᅥ,ᆫ,ᄌ,ᅩ
걷기,ᄀ,ᅥ,ᆮ,ᄀ,ᅵ
검사,ᄀ,ᅥ,ᆷ,ᄉ,ᅡ
검사,ᄀ,ᅥ,ᆷ,ᄉ,ᅡ
검토,ᄀ,ᅥ,ᆷ,ᄐ,ᅩ
게임,ᄀ,ᅦ,ᄋ,ᅵ,ᆷ
겨울,ᄀ,ᅧ,ᄋ,ᅮ,ᆯ
견해,ᄀ,ᅧ,ᆫ,ᄒ,ᅢ
결과,ᄀ,ᅧ,ᆯ,ᄀ,ᅪ
경계,ᄀ,ᅧ,ᆼ,ᄀ,ᅨ
경고,ᄀ,ᅧ,ᆼ,ᄀ,ᅩ
경기,ᄀ,ᅧ,ᆼ,ᄀ,ᅵ
경기,ᄀ,ᅧ,ᆼ,ᄀ,ᅵ
경비,ᄀ,ᅧ,ᆼ,ᄇ,ᅵ
경우,ᄀ,ᅧ,ᆼ,ᄋ,ᅮ
경제,ᄀ,ᅧ,ᆼ,ᄌ,ᅦ
경치,ᄀ,ᅧ,ᆼ,ᄎ,ᅵ
계곡,ᄀ,ᅨ,ᄀ,ᅩ,ᆨ
계단,ᄀ,ᅨ,ᄃ,ᅡ,ᆫ
계란,ᄀ,ᅨ,ᄅ,ᅡ,ᆫ
계산,ᄀ,ᅨ,ᄉ,ᅡ,ᆫ
계약,ᄀ,ᅨ,ᄋ,ᅣ,ᆨ
계절,ᄀ,ᅨ,ᄌ,ᅥ,ᆯ
계층,ᄀ,ᅨ,ᄎ,ᅳ,ᆼ
계획,ᄀ,ᅨ,ᄒ,ᅬ,ᆨ
고객,ᄀ,ᅩ,ᄀ,ᅢ,ᆨ
고궁,ᄀ,ᅩ,ᄀ,ᅮ,ᆼ
고급,ᄀ,ᅩ,ᄀ,ᅳ,ᆸ
고민,ᄀ,ᅩ,ᄆ,ᅵ,ᆫ
고생,ᄀ,ᅩ,ᄉ,ᅢ,ᆼ
고속,ᄀ,ᅩ,ᄉ,ᅩ,ᆨ
고장,ᄀ,ᅩ,ᄌ,ᅡ,ᆼ
고장,ᄀ,ᅩ,ᄌ,ᅡ,ᆼ
고전,ᄀ,ᅩ,ᄌ,ᅥ,ᆫ
고집,ᄀ,ᅩ,ᄌ,ᅵ,ᆸ
고통,ᄀ,ᅩ,ᄐ,ᅩ,ᆼ
고함,ᄀ,ᅩ,ᄒ,ᅡ,ᆷ
고향,ᄀ,ᅩ,ᄒ,ᅣ,ᆼ
골치,ᄀ,ᅩ,ᆯ,ᄎ,ᅵ
골프,ᄀ,ᅩ,ᆯ,ᄑ,ᅳ
공개,ᄀ,ᅩ,ᆼ,ᄀ,ᅢ
공기,ᄀ,ᅩ,ᆼ,ᄀ,ᅵ
공기,ᄀ,ᅩ,ᆼ,ᄀ,ᅵ
공부,ᄀ,ᅩ,ᆼ,ᄇ,ᅮ
공사,ᄀ,ᅩ,ᆼ,ᄉ,ᅡ
공주,ᄀ,ᅩ,ᆼ,ᄌ,ᅮ
공짜,ᄀ,ᅩ,ᆼ,ᄍ,ᅡ
공포,ᄀ,ᅩ,ᆼ,ᄑ,ᅩ
공해,ᄀ,ᅩ,ᆼ,ᄒ,ᅢ
과목,ᄀ,ᅪ,ᄆ,ᅩ,ᆨ
과일,ᄀ,ᅪ,ᄋ,ᅵ,ᆯ
과장,ᄀ,ᅪ,ᄌ,ᅡ,ᆼ
과정,ᄀ,ᅪ,ᄌ,ᅥ,ᆼ
과정,ᄀ,ᅪ,ᄌ,ᅥ,ᆼ
과학,ᄀ,ᅪ,ᄒ,ᅡ,ᆨ
관계,ᄀ,ᅪ,ᆫ,ᄀ,ᅨ
관리,ᄀ,ᅪ,ᆫ,ᄅ,ᅵ
관리,ᄀ,ᅪ,ᆫ,ᄅ,ᅵ
광고,ᄀ,ᅪ,ᆼ,ᄀ,ᅩ
교문,ᄀ,ᅭ,ᄆ,ᅮ,ᆫ
교복,ᄀ,ᅭ,ᄇ,ᅩ,ᆨ
교실,ᄀ,ᅭ,ᄉ,ᅵ,ᆯ
교양,ᄀ,ᅭ,ᄋ,ᅣ,ᆼ
교육,ᄀ,ᅭ,ᄋ,ᅲ,ᆨ
교장,ᄀ,ᅭ,ᄌ,ᅡ,ᆼ
교직,ᄀ,ᅭ,ᄌ,ᅵ,ᆨ
교통,ᄀ,ᅭ,ᄐ,ᅩ,ᆼ
교환,ᄀ,ᅭ,ᄒ,ᅪ,ᆫ
교훈,ᄀ,ᅭ,ᄒ,ᅮ,ᆫ
구경,ᄀ,ᅮ,ᄀ,ᅧ,ᆼ
구름,ᄀ,ᅮ,ᄅ,ᅳ,ᆷ
구멍,ᄀ,ᅮ,ᄆ,ᅥ,ᆼ
구별,ᄀ,ᅮ,ᄇ,ᅧ,ᆯ
구분,ᄀ,ᅮ,ᄇ,ᅮ,ᆫ
구석,ᄀ,ᅮ,ᄉ,ᅥ,ᆨ
구성,ᄀ,ᅮ,ᄉ,ᅥ,ᆼ
구속,ᄀ,ᅮ,ᄉ,ᅩ,ᆨ
구역,ᄀ,ᅮ,ᄋ,ᅧ,ᆨ
구월,ᄀ,ᅮ,ᄋ,ᅯ,ᆯ
구입,ᄀ,ᅮ,ᄋ,ᅵ,ᆸ
구청,ᄀ,ᅮ,ᄎ,ᅥ,ᆼ
국가,ᄀ,ᅮ,ᆨ,ᄀ,ᅡ
국기,ᄀ,ᅮ,ᆨ,ᄀ,ᅵ
국내,ᄀ,ᅮ,ᆨ,ᄂ,ᅢ
국사,ᄀ,ᅮ,ᆨ,ᄉ,ᅡ
국수,ᄀ,ᅮ,ᆨ,ᄉ,ᅮ
국어,ᄀ,ᅮ,ᆨ,ᄋ,ᅥ
국제,ᄀ,ᅮ,ᆨ,ᄌ,ᅦ
국회,ᄀ,ᅮ,ᆨ,ᄒ,ᅬ
군대,ᄀ,ᅮ,ᆫ,ᄃ,ᅢ
군사,ᄀ,ᅮ,ᆫ,ᄉ,ᅡ
군사,ᄀ,ᅮ,ᆫ,ᄉ,ᅡ
권리,ᄀ,ᅯ,ᆫ,ᄅ,ᅵ
권위,ᄀ,ᅯ,ᆫ,ᄋ,ᅱ
권투,ᄀ,ᅯ,ᆫ,ᄐ,ᅮ
귀국,ᄀ,ᅱ,ᄀ,ᅮ,ᆨ
귀신,ᄀ,ᅱ,ᄉ,ᅵ,ᆫ
규정,ᄀ,ᅲ,ᄌ,ᅥ,ᆼ
규칙,ᄀ,ᅲ,ᄎ,ᅵ,ᆨ
그간,ᄀ,ᅳ,ᄀ,ᅡ,ᆫ
그날,ᄀ,ᅳ,ᄂ,ᅡ,ᆯ
그늘,ᄀ,ᅳ,ᄂ,ᅳ,ᆯ
그룹,ᄀ,ᅳ,ᄅ,ᅮ,ᆸ
그릇,ᄀ,ᅳ,ᄅ,ᅳ,ᆺ
그림,ᄀ,ᅳ,ᄅ,ᅵ,ᆷ
그전,ᄀ,ᅳ,ᄌ,ᅥ,ᆫ
그중,ᄀ,ᅳ,ᄌ,ᅮ,ᆼ
근거,ᄀ,ᅳ,ᆫ,ᄀ,ᅥ
근교,ᄀ,ᅳ,ᆫ,ᄀ,ᅭ
근래,ᄀ,ᅳ,ᆫ,ᄅ,ᅢ
근로,ᄀ,ᅳ,ᆫ,ᄅ,ᅩ
근무,ᄀ,ᅳ,ᆫ,ᄆ,ᅮ
근처,ᄀ,ᅳ,ᆫ,ᄎ,ᅥ
글씨,ᄀ,ᅳ,ᆯ,ᄊ,ᅵ
글자,ᄀ,ᅳ,ᆯ,ᄌ,ᅡ
금고,ᄀ,ᅳ,ᆷ,ᄀ,ᅩ
금지,ᄀ,ᅳ,ᆷ,ᄌ,ᅵ
기간,ᄀ,ᅵ,ᄀ,ᅡ,ᆫ
기관,ᄀ,ᅵ,ᄀ,ᅪ,ᆫ
기념,ᄀ,ᅵ,ᄂ,ᅧ,ᆷ
기능,ᄀ,ᅵ,ᄂ,ᅳ,ᆼ
기능,ᄀ,ᅵ,ᄂ,ᅳ,ᆼ
기둥,ᄀ,ᅵ,ᄃ,ᅮ,ᆼ
기록,ᄀ,ᅵ,ᄅ,ᅩ,ᆨ
기름,ᄀ,ᅵ,ᄅ,ᅳ,ᆷ
기법,ᄀ,ᅵ,ᄇ,ᅥ,ᆸ
기본,ᄀ,ᅵ,ᄇ,ᅩ,ᆫ
기분,ᄀ,ᅵ,ᄇ,ᅮ,ᆫ
기쁨,ᄀ,ᅵ,ᄈ,ᅳ,ᆷ
기성,ᄀ,ᅵ,ᄉ,ᅥ,ᆼ
기술,ᄀ,ᅵ,ᄉ,ᅮ,ᆯ
기억,ᄀ,ᅵ,ᄋ,ᅥ,ᆨ
기업,ᄀ,ᅵ,ᄋ,ᅥ,ᆸ
기온,ᄀ,ᅵ,ᄋ,ᅩ,ᆫ
기운,ᄀ,ᅵ,ᄋ,ᅮ,ᆫ
기원,ᄀ,ᅵ,ᄋ,ᅯ,ᆫ
기적,ᄀ,ᅵ,ᄌ,ᅥ,ᆨ
기준,ᄀ,ᅵ,ᄌ,ᅮ,ᆫ
기침,ᄀ,ᅵ,ᄎ,ᅵ,ᆷ
기혼,ᄀ,ᅵ,ᄒ,ᅩ,ᆫ
기획,ᄀ,ᅵ,ᄒ,ᅬ,ᆨ
길가,ᄀ,ᅵ,ᆯ,ᄀ,ᅡ
길이,ᄀ,ᅵ,ᆯ,ᄋ,ᅵ
김치,ᄀ,ᅵ,ᆷ,ᄎ,ᅵ
깊이,ᄀ,ᅵ,ᇁ,ᄋ,ᅵ
까닭,ᄁ,ᅡ,ᄃ,ᅡ,ᆰ
깡패,ᄁ,ᅡ,ᆼ,ᄑ,ᅢ
꽃씨,ᄁ,ᅩ,ᆾ,ᄊ,ᅵ
꾸중,ᄁ,ᅮ,ᄌ,ᅮ,ᆼ
나물,ᄂ,ᅡ,ᄆ,ᅮ,ᆯ
나중,ᄂ,ᅡ,ᄌ,ᅮ,ᆼ
나흘,ᄂ,ᅡ,ᄒ,ᅳ,ᆯ
낚시,ᄂ,ᅡ,ᆩ,ᄉ,ᅵ
난리,ᄂ,ᅡ,ᆫ,ᄅ,ᅵ
날개,ᄂ,ᅡ,ᆯ,ᄀ,ᅢ
날씨,ᄂ,ᅡ,ᆯ,ᄊ,ᅵ
날짜,ᄂ,ᅡ,ᆯ,ᄍ,ᅡ
남녀,ᄂ,ᅡ,ᆷ,ᄂ,ᅧ
남매,ᄂ,ᅡ,ᆷ,ᄆ,ᅢ
남부,ᄂ,ᅡ,ᆷ,ᄇ,ᅮ
남자,ᄂ,ᅡ,ᆷ,ᄌ,ᅡ
낭비,ᄂ,ᅡ,ᆼ,ᄇ,ᅵ
내년,ᄂ,ᅢ,ᄂ,ᅧ,ᆫ
내달,ᄂ,ᅢ,ᄃ,ᅡ,ᆯ
내용,ᄂ,ᅢ,ᄋ,ᅭ,ᆼ
내일,ᄂ,ᅢ,ᄋ,ᅵ,ᆯ
내적,ᄂ,ᅢ,ᄌ,ᅥ,ᆨ
냄비,ᄂ,ᅢ,ᆷ,ᄇ,ᅵ
냄새,ᄂ,ᅢ,ᆷ,ᄉ,ᅢ
노동,ᄂ,ᅩ,ᄃ,ᅩ,ᆼ
노력,ᄂ,ᅩ,ᄅ,ᅧ,ᆨ
노선,ᄂ,ᅩ,ᄉ,ᅥ,ᆫ
노인,ᄂ,ᅩ,ᄋ,ᅵ,ᆫ
녹차,ᄂ,ᅩ,ᆨ,ᄎ,ᅡ
녹화,ᄂ,ᅩ,ᆨ,ᄒ,ᅪ
논리,ᄂ,ᅩ,ᆫ,ᄅ,ᅵ
놀이,ᄂ,ᅩ,ᆯ,ᄋ,ᅵ
농구,ᄂ,ᅩ,ᆼ,ᄀ,ᅮ
농부,ᄂ,ᅩ,ᆼ,ᄇ,ᅮ
농사,ᄂ,ᅩ,ᆼ,ᄉ,ᅡ
높이,ᄂ,ᅩ,ᇁ,ᄋ,ᅵ
눈가,ᄂ,ᅮ,ᆫ,ᄀ,ᅡ
느낌,ᄂ,ᅳ,ᄁ,ᅵ,ᆷ
늑대,ᄂ,ᅳ,ᆨ,ᄃ,ᅢ
다방,ᄃ,ᅡ,ᄇ,ᅡ,ᆼ
다음,ᄃ,ᅡ,ᄋ,ᅳ,ᆷ
다툼,ᄃ,ᅡ,ᄐ,ᅮ,ᆷ
다행,ᄃ,ᅡ,ᄒ,ᅢ,ᆼ
단계,ᄃ,ᅡ,ᆫ,ᄀ,ᅨ
단어,ᄃ,ᅡ,ᆫ,ᄋ,ᅥ
단위,ᄃ,ᅡ,ᆫ,ᄋ,ᅱ
단지,ᄃ,ᅡ,ᆫ,ᄌ,ᅵ
단체,ᄃ,ᅡ,ᆫ,ᄎ,ᅦ
단추,ᄃ,ᅡ,ᆫ,ᄎ,ᅮ
달러,ᄃ,ᅡ,ᆯ,ᄅ,ᅥ
담배,ᄃ,ᅡ,ᆷ,ᄇ,ᅢ
담요,ᄃ,ᅡ,ᆷ,ᄋ,ᅭ
닷새,ᄃ,ᅡ,ᆺ,ᄉ,ᅢ
당시,ᄃ,ᅡ,ᆼ,ᄉ,ᅵ
대낮,ᄃ,ᅢ,ᄂ,ᅡ,ᆽ
대답,ᄃ,ᅢ,ᄃ,ᅡ,ᆸ
대량,ᄃ,ᅢ,ᄅ,ᅣ,ᆼ
대륙,ᄃ,ᅢ,ᄅ,ᅲ,ᆨ
대문,ᄃ,ᅢ,ᄆ,ᅮ,ᆫ
대신,ᄃ,ᅢ,ᄉ,ᅵ,ᆫ
대응,ᄃ,ᅢ,ᄋ,ᅳ,ᆼ
대입,ᄃ,ᅢ,ᄋ,ᅵ,ᆸ
대접,ᄃ,ᅢ,ᄌ,ᅥ,ᆸ
대중,ᄃ,ᅢ,ᄌ,ᅮ,ᆼ
대책,ᄃ,ᅢ,ᄎ,ᅢ,ᆨ
대출,ᄃ,ᅢ,ᄎ,ᅮ,ᆯ
대학,ᄃ,ᅢ,ᄒ,ᅡ,ᆨ
대형,ᄃ,ᅢ,ᄒ,ᅧ,ᆼ
도덕,ᄃ,ᅩ,ᄃ,ᅥ,ᆨ
도둑,ᄃ,ᅩ,ᄃ,ᅮ,ᆨ
도망,ᄃ,ᅩ,ᄆ,ᅡ,ᆼ
도심,ᄃ,ᅩ,ᄉ,ᅵ,ᆷ
도움,ᄃ,ᅩ,ᄋ,ᅮ,ᆷ
도입,ᄃ,ᅩ,ᄋ,ᅵ,ᆸ
도장,ᄃ,ᅩ,ᄌ,ᅡ,ᆼ
도전,ᄃ,ᅩ,ᄌ,ᅥ,ᆫ
도중,ᄃ,ᅩ,ᄌ,ᅮ,ᆼ
도착,ᄃ,ᅩ,ᄎ,ᅡ,ᆨ
독서,ᄃ,ᅩ,ᆨ,ᄉ,ᅥ
동기,ᄃ,ᅩ,ᆼ,ᄀ,ᅵ
동기,ᄃ,ᅩ,ᆼ,ᄀ,ᅵ
동네,ᄃ,ᅩ,ᆼ,ᄂ,ᅦ
동료,ᄃ,ᅩ,ᆼ,ᄅ,ᅭ
동부,ᄃ,ᅩ,ᆼ,ᄇ,ᅮ
동서,ᄃ,ᅩ,ᆼ,ᄉ,ᅥ
동시,ᄃ,ᅩ,ᆼ,ᄉ,ᅵ
동의,ᄃ,ᅩ,ᆼ,ᄋ,ᅴ
동포,ᄃ,ᅩ,ᆼ,ᄑ,ᅩ
동화,ᄃ,ᅩ,ᆼ,ᄒ,ᅪ
두통,ᄃ,ᅮ,ᄐ,ᅩ,ᆼ
둥지,ᄃ,ᅮ,ᆼ,ᄌ,ᅵ
뒤쪽,ᄃ,ᅱ,ᄍ,ᅩ,ᆨ
뒤편,ᄃ,ᅱ,ᄑ,ᅧ,ᆫ
따님,ᄄ,ᅡ,ᄂ,ᅵ,ᆷ
딸기,ᄄ,ᅡ,ᆯ,ᄀ,ᅵ
뚜껑,ᄄ,ᅮ,ᄁ,ᅥ,ᆼ
라면,ᄅ,ᅡ,ᄆ,ᅧ,ᆫ
라인,ᄅ,ᅡ,ᄋ,ᅵ,ᆫ
라켓,ᄅ,ᅡ,ᄏ,ᅦ,ᆺ
레몬,ᄅ,ᅦ,ᄆ,ᅩ,ᆫ
렌즈,ᄅ,ᅦ,ᆫ,ᄌ,ᅳ
로봇,ᄅ,ᅩ,ᄇ,ᅩ,ᆺ
리듬,ᄅ,ᅵ,ᄃ,ᅳ,ᆷ
마늘,ᄆ,ᅡ,ᄂ,ᅳ,ᆯ
마당,ᄆ,ᅡ,ᄃ,ᅡ,ᆼ
마련,ᄆ,ᅡ,ᄅ,ᅧ,ᆫ
마약,ᄆ,ᅡ,ᄋ,ᅣ,ᆨ
마을,ᄆ,ᅡ,ᄋ,ᅳ,ᆯ
마음,ᄆ,ᅡ,ᄋ,ᅳ,ᆷ
마중,ᄆ,ᅡ,ᄌ,ᅮ,ᆼ
마찰,ᄆ,ᅡ,ᄎ,ᅡ,ᆯ
막내,ᄆ,ᅡ,ᆨ,ᄂ,ᅢ
만두,ᄆ,ᅡ,ᆫ,ᄃ,ᅮ
만세,ᄆ,ᅡ,ᆫ,ᄉ,ᅦ
만화,ᄆ,ᅡ,ᆫ,ᄒ,ᅪ
말기,ᄆ,ᅡ,ᆯ,ᄀ,ᅵ
말투,ᄆ,ᅡ,ᆯ,ᄐ,ᅮ
매력,ᄆ,ᅢ,ᄅ,ᅧ,ᆨ
매일,ᄆ,ᅢ,ᄋ,ᅵ,ᆯ
매장,ᄆ,ᅢ,ᄌ,ᅡ,ᆼ
맥주,ᄆ,ᅢ,ᆨ,ᄌ,ᅮ
먹이,ᄆ,ᅥ,ᆨ,ᄋ,ᅵ
먼지,ᄆ,ᅥ,ᆫ,ᄌ,ᅵ
메일,ᄆ,ᅦ,ᄋ,ᅵ,ᆯ
며칠,ᄆ,ᅧ,ᄎ,ᅵ,ᆯ
멸치,ᄆ,ᅧ,ᆯ,ᄎ,ᅵ
명예,ᄆ,ᅧ,ᆼ,ᄋ,ᅨ
명의,ᄆ,ᅧ,ᆼ,ᄋ,ᅴ
모델,ᄆ,ᅩ,ᄃ,ᅦ,ᆯ
모범,ᄆ,ᅩ,ᄇ,ᅥ,ᆷ
모습,ᄆ,ᅩ,ᄉ,ᅳ,ᆸ
모양,ᄆ,ᅩ,ᄋ,ᅣ,ᆼ
모임,ᄆ,ᅩ,ᄋ,ᅵ,ᆷ
모집,ᄆ,ᅩ,ᄌ,ᅵ,ᆸ
목사,ᄆ,ᅩ,ᆨ,ᄉ,ᅡ
목표,ᄆ,ᅩ,ᆨ,ᄑ,ᅭ
몸매,ᄆ,ᅩ,ᆷ,ᄆ,ᅢ
무덤,ᄆ,ᅮ,ᄃ,ᅥ,ᆷ
무릎,ᄆ,ᅮ,ᄅ,ᅳ,ᇁ
무역,ᄆ,ᅮ,ᄋ,ᅧ,ᆨ
무용,ᄆ,ᅮ,ᄋ,ᅭ,ᆼ
문구,ᄆ,ᅮ,ᆫ,ᄀ,ᅮ
문서,ᄆ,ᅮ,ᆫ,ᄉ,ᅥ
문자,ᄆ,ᅮ,ᆫ,ᄌ,ᅡ
문제,ᄆ,ᅮ,ᆫ,ᄌ,ᅦ
문화,ᄆ,ᅮ,ᆫ,ᄒ,ᅪ
물가,ᄆ,ᅮ,ᆯ,ᄀ,ᅡ
물기,ᄆ,ᅮ,ᆯ,ᄀ,ᅵ
물체,ᄆ,ᅮ,ᆯ,ᄎ,ᅦ
미만,ᄆ,ᅵ,ᄆ,ᅡ,ᆫ
미술,ᄆ,ᅵ,ᄉ,ᅮ,ᆯ
미역,ᄆ,ᅵ,ᄋ,ᅧ,ᆨ
미움,ᄆ,ᅵ,ᄋ,ᅮ,ᆷ
미인,ᄆ,ᅵ,ᄋ,ᅵ,ᆫ
미팅,ᄆ,ᅵ,ᄐ,ᅵ,ᆼ
미혼,ᄆ,ᅵ,ᄒ,ᅩ,ᆫ
민주,ᄆ,ᅵ,ᆫ,ᄌ,ᅮ
바깥,ᄇ,ᅡ,ᄁ,ᅡ,ᇀ
바늘,ᄇ,ᅡ,ᄂ,ᅳ,ᆯ
바닥,ᄇ,ᅡ,ᄃ,ᅡ,ᆨ
바람,ᄇ,ᅡ,ᄅ,ᅡ,ᆷ
바람,ᄇ,ᅡ,ᄅ,ᅡ,ᆷ
바탕,ᄇ,ᅡ,ᄐ,ᅡ,ᆼ
박사,ᄇ,ᅡ,ᆨ,ᄉ,ᅡ
박수,ᄇ,ᅡ,ᆨ,ᄉ,ᅮ
박스,ᄇ,ᅡ,ᆨ,ᄉ,ᅳ
반대,ᄇ,ᅡ,ᆫ,ᄃ,ᅢ
반지,ᄇ,ᅡ,ᆫ,ᄌ,ᅵ
발레,ᄇ,ᅡ,ᆯ,ᄅ,ᅦ
발표,ᄇ,ᅡ,ᆯ,ᄑ,ᅭ
밤새,ᄇ,ᅡ,ᆷ,ᄉ,ᅢ
방지,ᄇ,ᅡ,ᆼ,ᄌ,ᅵ
방해,ᄇ,ᅡ,ᆼ,ᄒ,ᅢ
배경,ᄇ,ᅢ,ᄀ,ᅧ,ᆼ
배꼽,ᄇ,ᅢ,ᄁ,ᅩ,ᆸ
배달,ᄇ,ᅢ,ᄃ,ᅡ,ᆯ
버릇,ᄇ,ᅥ,ᄅ,ᅳ,ᆺ
버섯,ᄇ,ᅥ,ᄉ,ᅥ,ᆺ
버튼,ᄇ,ᅥ,ᄐ,ᅳ,ᆫ
번개,ᄇ,ᅥ,ᆫ,ᄀ,ᅢ
번지,ᄇ,ᅥ,ᆫ,ᄌ,ᅵ
번호,ᄇ,ᅥ,ᆫ,ᄒ,ᅩ
벌레,ᄇ,ᅥ,ᆯ,ᄅ,ᅦ
범위,ᄇ,ᅥ,ᆷ,ᄋ,ᅱ
범죄,ᄇ,ᅥ,ᆷ,ᄌ,ᅬ
벤치,ᄇ,ᅦ,ᆫ,ᄎ,ᅵ
벨트,ᄇ,ᅦ,ᆯ,ᄐ,ᅳ
변화,ᄇ,ᅧ,ᆫ,ᄒ,ᅪ
별도,ᄇ,ᅧ,ᆯ,ᄃ,ᅩ
보관,ᄇ,ᅩ,ᄀ,ᅪ,ᆫ
보람,ᄇ,ᅩ,ᄅ,ᅡ,ᆷ
보름,ᄇ,ᅩ,ᄅ,ᅳ,ᆷ
보상,ᄇ,ᅩ,ᄉ,ᅡ,ᆼ
보안,ᄇ,ᅩ,ᄋ,ᅡ,ᆫ
보장,ᄇ,ᅩ,ᄌ,ᅡ,ᆼ
보전,ᄇ,ᅩ,ᄌ,ᅥ,ᆫ
보존,ᄇ,ᅩ,ᄌ,ᅩ,ᆫ
보통,ᄇ,ᅩ,ᄐ,ᅩ,ᆼ
보험,ᄇ,ᅩ,ᄒ,ᅥ,ᆷ
복도,ᄇ,ᅩ,ᆨ,ᄃ,ᅩ
복사,ᄇ,ᅩ,ᆨ,ᄉ,ᅡ
본래,ᄇ,ᅩ,ᆫ,ᄅ,ᅢ
본부,ᄇ,ᅩ,ᆫ,ᄇ,ᅮ
본사,ᄇ,ᅩ,ᆫ,ᄉ,ᅡ
봉사,ᄇ,ᅩ,ᆼ,ᄉ,ᅡ
봉지,ᄇ,ᅩ,ᆼ,ᄌ,ᅵ
봉투,ᄇ,ᅩ,ᆼ,ᄐ,ᅮ
부근,ᄇ,ᅮ,ᄀ,ᅳ,ᆫ
부담,ᄇ,ᅮ,ᄃ,ᅡ,ᆷ
부문,ᄇ,ᅮ,ᄆ,ᅮ,ᆫ
부분,ᄇ,ᅮ,ᄇ,ᅮ,ᆫ
부상,ᄇ,ᅮ,ᄉ,ᅡ,ᆼ
부엌,ᄇ,ᅮ,ᄋ,ᅥ,ᆿ
부인,ᄇ,ᅮ,ᄋ,ᅵ,ᆫ
부인,ᄇ,ᅮ,ᄋ,ᅵ,ᆫ
부장,ᄇ,ᅮ,ᄌ,ᅡ,ᆼ
부정,ᄇ,ᅮ,ᄌ,ᅥ,ᆼ
부족,ᄇ,ᅮ,ᄌ,ᅩ,ᆨ
부족,ᄇ,ᅮ,ᄌ,ᅩ,ᆨ
부친,ᄇ,ᅮ,ᄎ,ᅵ,ᆫ
부탁,ᄇ,ᅮ,ᄐ,ᅡ,ᆨ
부품,ᄇ,ᅮ,ᄑ,ᅮ,ᆷ
북부,ᄇ,ᅮ,ᆨ,ᄇ,ᅮ
분노,ᄇ,ᅮ,ᆫ,ᄂ,ᅩ
분리,ᄇ,ᅮ,ᆫ,ᄅ,ᅵ
분야,ᄇ,ᅮ,ᆫ,ᄋ,ᅣ
불교,ᄇ,ᅮ,ᆯ,ᄀ,ᅭ
비극,ᄇ,ᅵ,ᄀ,ᅳ,ᆨ
비난,ᄇ,ᅵ,ᄂ,ᅡ,ᆫ
비닐,ᄇ,ᅵ,ᄂ,ᅵ,ᆯ
비만,ᄇ,ᅵ,ᄆ,ᅡ,ᆫ
비명,ᄇ,ᅵ,ᄆ,ᅧ,ᆼ
비밀,ᄇ,ᅵ,ᄆ,ᅵ,ᆯ
비상,ᄇ,ᅵ,ᄉ,ᅡ,ᆼ
비용,ᄇ,ᅵ,ᄋ,ᅭ,ᆼ
비율,ᄇ,ᅵ,ᄋ,ᅲ,ᆯ
비중,ᄇ,ᅵ,ᄌ,ᅮ,ᆼ
비판,ᄇ,ᅵ,ᄑ,ᅡ,ᆫ
비행,ᄇ,ᅵ,ᄒ,ᅢ,ᆼ
비행,ᄇ,ᅵ,ᄒ,ᅢ,ᆼ
빨래,ᄈ,ᅡ,ᆯ,ᄅ,ᅢ
사건,ᄉ,ᅡ,ᄀ,ᅥ,ᆫ
사냥,ᄉ,ᅡ,ᄂ,ᅣ,ᆼ
사람,ᄉ,ᅡ,ᄅ,ᅡ,ᆷ
사랑,ᄉ,ᅡ,ᄅ,ᅡ,ᆼ
사립,ᄉ,ᅡ,ᄅ,ᅵ,ᆸ
사망,ᄉ,ᅡ,ᄆ,ᅡ,ᆼ
사물,ᄉ,ᅡ,ᄆ,ᅮ,ᆯ
사방,ᄉ,ᅡ,ᄇ,ᅡ,ᆼ
사상,ᄉ,ᅡ,ᄉ,ᅡ,ᆼ
사설,ᄉ,ᅡ,ᄉ,ᅥ,ᆯ
사슴,ᄉ,ᅡ,ᄉ,ᅳ,ᆷ
사실,ᄉ,ᅡ,ᄉ,ᅵ,ᆯ
사업,ᄉ,ᅡ,ᄋ,ᅥ,ᆸ
사용,ᄉ,ᅡ,ᄋ,ᅭ,ᆼ
사원,ᄉ,ᅡ,ᄋ,ᅯ,ᆫ
사월,ᄉ,ᅡ,ᄋ,ᅯ,ᆯ
사장,ᄉ,ᅡ,ᄌ,ᅡ,ᆼ
사전,ᄉ,ᅡ,ᄌ,ᅥ,ᆫ
사전,ᄉ,ᅡ,ᄌ,ᅥ,ᆫ
사정,ᄉ,ᅡ,ᄌ,ᅥ,ᆼ
사진,ᄉ,ᅡ,ᄌ,ᅵ,ᆫ
사촌,ᄉ,ᅡ,ᄎ,ᅩ,ᆫ
사탕,ᄉ,ᅡ,ᄐ,ᅡ,ᆼ
사흘,ᄉ,ᅡ,ᄒ,ᅳ,ᆯ
산소,ᄉ,ᅡ,ᆫ,ᄉ,ᅩ
상대,ᄉ,ᅡ,ᆼ,ᄃ,ᅢ
상류,ᄉ,ᅡ,ᆼ,ᄅ,ᅲ
상자,ᄉ,ᅡ,ᆼ,ᄌ,ᅡ
상처,ᄉ,ᅡ,ᆼ,ᄎ,ᅥ
상추,ᄉ,ᅡ,ᆼ,ᄎ,ᅮ
상태,ᄉ,ᅡ,ᆼ,ᄐ,ᅢ
상표,ᄉ,ᅡ,ᆼ,ᄑ,ᅭ
새벽,ᄉ,ᅢ,ᄇ,ᅧ,ᆨ
생기,ᄉ,ᅢ,ᆼ,ᄀ,ᅵ
서랍,ᄉ,ᅥ,ᄅ,ᅡ,ᆸ
서명,ᄉ,ᅥ,ᄆ,ᅧ,ᆼ
서민,ᄉ,ᅥ,ᄆ,ᅵ,ᆫ
서양,ᄉ,ᅥ,ᄋ,ᅣ,ᆼ
서적,ᄉ,ᅥ,ᄌ,ᅥ,ᆨ
서점,ᄉ,ᅥ,ᄌ,ᅥ,ᆷ
서쪽,ᄉ,ᅥ,ᄍ,ᅩ,ᆨ
서클,ᄉ,ᅥ,ᄏ,ᅳ,ᆯ
석사,ᄉ,ᅥ,ᆨ,ᄉ,ᅡ
석유,ᄉ,ᅥ,ᆨ,ᄋ,ᅲ
선거,ᄉ,ᅥ,ᆫ,ᄀ,ᅥ
선배,ᄉ,ᅥ,ᆫ,ᄇ,ᅢ
선수,ᄉ,ᅥ,ᆫ,ᄉ,ᅮ
설치,ᄉ,ᅥ,ᆯ,ᄎ,ᅵ
섭씨,ᄉ,ᅥ,ᆸ,ᄊ,ᅵ
세금,ᄉ,ᅦ,ᄀ,ᅳ,ᆷ
세상,ᄉ,ᅦ,ᄉ,ᅡ,ᆼ
세월,ᄉ,ᅦ,ᄋ,ᅯ,ᆯ
세탁,ᄉ,ᅦ,ᄐ,ᅡ,ᆨ
센터,ᄉ,ᅦ,ᆫ,ᄐ,ᅥ
소금,ᄉ,ᅩ,ᄀ,ᅳ,ᆷ
소년,ᄉ,ᅩ,ᄂ,ᅧ,ᆫ
소득,ᄉ,ᅩ,ᄃ,ᅳ,ᆨ
소망,ᄉ,ᅩ,ᄆ,ᅡ,ᆼ
소문,ᄉ,ᅩ,ᄆ,ᅮ,ᆫ
소설,ᄉ,ᅩ,ᄉ,ᅥ,ᆯ
소속,ᄉ,ᅩ,ᄉ,ᅩ,ᆨ
소식,ᄉ,ᅩ,ᄉ,ᅵ,ᆨ
소용,ᄉ,ᅩ,ᄋ,ᅭ,ᆼ
소원,ᄉ,ᅩ,ᄋ,ᅯ,ᆫ
소음,ᄉ,ᅩ,ᄋ,ᅳ,ᆷ
소질,ᄉ,ᅩ,ᄌ,ᅵ,ᆯ
소풍,ᄉ,ᅩ,ᄑ,ᅮ,ᆼ
소형,ᄉ,ᅩ,ᄒ,ᅧ,ᆼ
속도,ᄉ,ᅩ,ᆨ,ᄃ,ᅩ
손녀,ᄉ,ᅩ,ᆫ,ᄂ,ᅧ
손자,ᄉ,ᅩ,ᆫ,ᄌ,ᅡ
손해,ᄉ,ᅩ,ᆫ,ᄒ,ᅢ
솜씨,ᄉ,ᅩ,ᆷ,ᄊ,ᅵ
송이,ᄉ,ᅩ,ᆼ,ᄋ,ᅵ
쇼핑,ᄉ,ᅭ,ᄑ,ᅵ,ᆼ
수건,ᄉ,ᅮ,ᄀ,ᅥ,ᆫ
수년,ᄉ,ᅮ,ᄂ,ᅧ,ᆫ
수단,ᄉ,ᅮ,ᄃ,ᅡ,ᆫ
수면,ᄉ,ᅮ,ᄆ,ᅧ,ᆫ
수명,ᄉ,ᅮ,ᄆ,ᅧ,ᆼ
수박,ᄉ,ᅮ,ᄇ,ᅡ,ᆨ
수상,ᄉ,ᅮ,ᄉ,ᅡ,ᆼ
수석,ᄉ,ᅮ,ᄉ,ᅥ,ᆨ
수술,ᄉ,ᅮ,ᄉ,ᅮ,ᆯ
수업,ᄉ,ᅮ,ᄋ,ᅥ,ᆸ
수업,ᄉ,ᅮ,ᄋ,ᅥ,ᆸ
수염,ᄉ,ᅮ,ᄋ,ᅧ,ᆷ
수영,ᄉ,ᅮ,ᄋ,ᅧ,ᆼ
수입,ᄉ,ᅮ,ᄋ,ᅵ,ᆸ
수입,ᄉ,ᅮ,ᄋ,ᅵ,ᆸ
수준,ᄉ,ᅮ,ᄌ,ᅮ,ᆫ
수집,ᄉ,ᅮ,ᄌ,ᅵ,ᆸ
수출,ᄉ,ᅮ,ᄎ,ᅮ,ᆯ
수컷,ᄉ,ᅮ,ᄏ,ᅥ,ᆺ
수필,ᄉ,ᅮ,ᄑ,ᅵ,ᆯ
수학,ᄉ,ᅮ,ᄒ,ᅡ,ᆨ
수학,ᄉ,ᅮ,ᄒ,ᅡ,ᆨ
숙녀,ᄉ,ᅮ,ᆨ,ᄂ,ᅧ
숙소,ᄉ,ᅮ,ᆨ,ᄉ,ᅩ
숙제,ᄉ,ᅮ,ᆨ,ᄌ,ᅦ
순서,ᄉ,ᅮ,ᆫ,ᄉ,ᅥ
순수,ᄉ,ᅮ,ᆫ,ᄉ,ᅮ
순위,ᄉ,ᅮ,ᆫ,ᄋ,ᅱ
숫자,ᄉ,ᅮ,ᆺ,ᄌ,ᅡ
스님,ᄉ,ᅳ,ᄂ,ᅵ,ᆷ
스승,ᄉ,ᅳ,ᄉ,ᅳ,ᆼ
습기,ᄉ,ᅳ,ᆸ,ᄀ,ᅵ
승리,ᄉ,ᅳ,ᆼ,ᄅ,ᅵ
승부,ᄉ,ᅳ,ᆼ,ᄇ,ᅮ
시각,ᄉ,ᅵ,ᄀ,ᅡ,ᆨ
시각,ᄉ,ᅵ,ᄀ,ᅡ,ᆨ
시간,ᄉ,ᅵ,ᄀ,ᅡ,ᆫ
시골,ᄉ,ᅵ,ᄀ,ᅩ,ᆯ
시댁,ᄉ,ᅵ,ᄃ,ᅢ,ᆨ
시민,ᄉ,ᅵ,ᄆ,ᅵ,ᆫ
시선,ᄉ,ᅵ,ᄉ,ᅥ,ᆫ
시설,ᄉ,ᅵ,ᄉ,ᅥ,ᆯ
시월,ᄉ,ᅵ,ᄋ,ᅯ,ᆯ
시인,ᄉ,ᅵ,ᄋ,ᅵ,ᆫ
시일,ᄉ,ᅵ,ᄋ,ᅵ,ᆯ
시작,ᄉ,ᅵ,ᄌ,ᅡ,ᆨ
시장,ᄉ,ᅵ,ᄌ,ᅡ,ᆼ
시장,ᄉ,ᅵ,ᄌ,ᅡ,ᆼ
시절,ᄉ,ᅵ,ᄌ,ᅥ,ᆯ
시점,ᄉ,ᅵ,ᄌ,ᅥ,ᆷ
시중,ᄉ,ᅵ,ᄌ,ᅮ,ᆼ
시즌,ᄉ,ᅵ,ᄌ,ᅳ,ᆫ
시집,ᄉ,ᅵ,ᄌ,ᅵ,ᆸ
시집,ᄉ,ᅵ,ᄌ,ᅵ,ᆸ
시청,ᄉ,ᅵ,ᄎ,ᅥ,ᆼ
시합,ᄉ,ᅵ,ᄒ,ᅡ,ᆸ
시험,ᄉ,ᅵ,ᄒ,ᅥ,ᆷ
식구,ᄉ,ᅵ,ᆨ,ᄀ,ᅮ
식기,ᄉ,ᅵ,ᆨ,ᄀ,ᅵ
식사,ᄉ,ᅵ,ᆨ,ᄉ,ᅡ
식초,ᄉ,ᅵ,ᆨ,ᄎ,ᅩ
신고,ᄉ,ᅵ,ᆫ,ᄀ,ᅩ
신규,ᄉ,ᅵ,ᆫ,ᄀ,ᅲ
신부,ᄉ,ᅵ,ᆫ,ᄇ,ᅮ
신부,ᄉ,ᅵ,ᆫ,ᄇ,ᅮ
신비,ᄉ,ᅵ,ᆫ,ᄇ,ᅵ
신사,ᄉ,ᅵ,ᆫ,ᄉ,ᅡ
신세,ᄉ,ᅵ,ᆫ,ᄉ,ᅦ
신체,ᄉ,ᅵ,ᆫ,ᄎ,ᅦ
신호,ᄉ,ᅵ,ᆫ,ᄒ,ᅩ
신화,ᄉ,ᅵ,ᆫ,ᄒ,ᅪ
실내,ᄉ,ᅵ,ᆯ,ᄂ,ᅢ
실례,ᄉ,ᅵ,ᆯ,ᄅ,ᅨ
실수,ᄉ,ᅵ,ᆯ,ᄉ,ᅮ
실시,ᄉ,ᅵ,ᆯ,ᄉ,ᅵ
실제,ᄉ,ᅵ,ᆯ,ᄌ,ᅦ
실체,ᄉ,ᅵ,ᆯ,ᄎ,ᅦ
실태,ᄉ,ᅵ,ᆯ,ᄐ,ᅢ
실패,ᄉ,ᅵ,ᆯ,ᄑ,ᅢ
심리,ᄉ,ᅵ,ᆷ,ᄅ,ᅵ
심사,ᄉ,ᅵ,ᆷ,ᄉ,ᅡ
싸움,ᄊ,ᅡ,ᄋ,ᅮ,ᆷ
씨름,ᄊ,ᅵ,ᄅ,ᅳ,ᆷ
씨앗,ᄊ,ᅵ,ᄋ,ᅡ,ᆺ
아들,ᄋ,ᅡ,ᄃ,ᅳ,ᆯ
아침,ᄋ,ᅡ,ᄎ,ᅵ,ᆷ
아픔,ᄋ,ᅡ,ᄑ,ᅳ,ᆷ
악기,ᄋ,ᅡ,ᆨ,ᄀ,ᅵ
악수,ᄋ,ᅡ,ᆨ,ᄉ,ᅮ
안개,ᄋ,ᅡ,ᆫ,ᄀ,ᅢ
안과,ᄋ,ᅡ,ᆫ,ᄀ,ᅪ
안내,ᄋ,ᅡ,ᆫ,ᄂ,ᅢ
안부,ᄋ,ᅡ,ᆫ,ᄇ,ᅮ
안주,ᄋ,ᅡ,ᆫ,ᄌ,ᅮ
암시,ᄋ,ᅡ,ᆷ,ᄉ,ᅵ
앞뒤,ᄋ,ᅡ,ᇁ,ᄃ,ᅱ
애인,ᄋ,ᅢ,ᄋ,ᅵ,ᆫ
애정,ᄋ,ᅢ,ᄌ,ᅥ,ᆼ
액수,ᄋ,ᅢ,ᆨ,ᄉ,ᅮ
야간,ᄋ,ᅣ,ᄀ,ᅡ,ᆫ
야단,ᄋ,ᅣ,ᄃ,ᅡ,ᆫ
약수,ᄋ,ᅣ,ᆨ,ᄉ,ᅮ
양보,ᄋ,ᅣ,ᆼ,ᄇ,ᅩ
양주,ᄋ,ᅣ,ᆼ,ᄌ,ᅮ
양파,ᄋ,ᅣ,ᆼ,ᄑ,ᅡ
어둠,ᄋ,ᅥ,ᄃ,ᅮ,ᆷ
어른,ᄋ,ᅥ,ᄅ,ᅳ,ᆫ
언니,ᄋ,ᅥ,ᆫ,ᄂ,ᅵ
언어,ᄋ,ᅥ,ᆫ,ᄋ,ᅥ
얼마,ᄋ,ᅥ,ᆯ,ᄆ,ᅡ
엄마,ᄋ,ᅥ,ᆷ,ᄆ,ᅡ
업무,ᄋ,ᅥ,ᆸ,ᄆ,ᅮ
업체,ᄋ,ᅥ,ᆸ,ᄎ,ᅦ
여건,ᄋ,ᅧ,ᄀ,ᅥ,ᆫ
여관,ᄋ,ᅧ,ᄀ,ᅪ,ᆫ
여군,ᄋ,ᅧ,ᄀ,ᅮ,ᆫ
여권,ᄋ,ᅧ,ᄀ,ᅯ,ᆫ
여럿,ᄋ,ᅧ,ᄅ,ᅥ,ᆺ
여론,ᄋ,ᅧ,ᄅ,ᅩ,ᆫ
여름,ᄋ,ᅧ,ᄅ,ᅳ,ᆷ
여성,ᄋ,ᅧ,ᄉ,ᅥ,ᆼ
여왕,ᄋ,ᅧ,ᄋ,ᅪ,ᆼ
여인,ᄋ,ᅧ,ᄋ,ᅵ,ᆫ
여행,ᄋ,ᅧ,ᄒ,ᅢ,ᆼ
역사,ᄋ,ᅧ,ᆨ,ᄉ,ᅡ
연구,ᄋ,ᅧ,ᆫ,ᄀ,ᅮ
연기,ᄋ,ᅧ,ᆫ,ᄀ,ᅵ
연기,ᄋ,ᅧ,ᆫ,ᄀ,ᅵ
연기,ᄋ,ᅧ,ᆫ,ᄀ,ᅵ
연세,ᄋ,ᅧ,ᆫ,ᄉ,ᅦ
연애,ᄋ,ᅧ,ᆫ,ᄋ,ᅢ
연주,ᄋ,ᅧ,ᆫ,ᄌ,ᅮ
연휴,ᄋ,ᅧ,ᆫ,ᄒ,ᅲ
열기,ᄋ,ᅧ,ᆯ,ᄀ,ᅵ
열매,ᄋ,ᅧ,ᆯ,ᄆ,ᅢ
열쇠,ᄋ,ᅧ,ᆯ,ᄉ,ᅬ
열차,ᄋ,ᅧ,ᆯ,ᄎ,ᅡ
염려,ᄋ,ᅧ,ᆷ,ᄅ,ᅧ
엽서,ᄋ,ᅧ,ᆸ,ᄉ,ᅥ
영어,ᄋ,ᅧ,ᆼ,ᄋ,ᅥ
영하,ᄋ,ᅧ,ᆼ,ᄒ,ᅡ
영화,ᄋ,ᅧ,ᆼ,ᄒ,ᅪ
예감,ᄋ,ᅨ,ᄀ,ᅡ,ᆷ
예금,ᄋ,ᅨ,ᄀ,ᅳ,ᆷ
예방,ᄋ,ᅨ,ᄇ,ᅡ,ᆼ
예산,ᄋ,ᅨ,ᄉ,ᅡ,ᆫ
예상,ᄋ,ᅨ,ᄉ,ᅡ,ᆼ
예선,ᄋ,ᅨ,ᄉ,ᅥ,ᆫ
예술,ᄋ,ᅨ,ᄉ,ᅮ,ᆯ
예습,ᄋ,ᅨ,ᄉ,ᅳ,ᆸ
예약,ᄋ,ᅨ,ᄋ,ᅣ,ᆨ
예전,ᄋ,ᅨ,ᄌ,ᅥ,ᆫ
예절,ᄋ,ᅨ,ᄌ,ᅥ,ᆯ
예정,ᄋ,ᅨ,ᄌ,ᅥ,ᆼ
오늘,ᄋ,ᅩ,ᄂ,ᅳ,ᆯ
오락,ᄋ,ᅩ,ᄅ,ᅡ,ᆨ
오븐,ᄋ,ᅩ,ᄇ,ᅳ,ᆫ
오염,ᄋ,ᅩ,ᄋ,ᅧ,ᆷ
오월,ᄋ,ᅩ,ᄋ,ᅯ,ᆯ
오전,ᄋ,ᅩ,ᄌ,ᅥ,ᆫ
온도,ᄋ,ᅩ,ᆫ,ᄃ,ᅩ
올해,ᄋ,ᅩ,ᆯ,ᄒ,ᅢ
와인,ᄋ,ᅪ,ᄋ,ᅵ,ᆫ
왕비,ᄋ,ᅪ,ᆼ,ᄇ,ᅵ
왕자,ᄋ,ᅪ,ᆼ,ᄌ,ᅡ
외국,ᄋ,ᅬ,ᄀ,ᅮ,ᆨ
외출,ᄋ,ᅬ,ᄎ,ᅮ,ᆯ
외침,ᄋ,ᅬ,ᄎ,ᅵ,ᆷ
요금,ᄋ,ᅭ,ᄀ,ᅳ,ᆷ
요일,ᄋ,ᅭ,ᄋ,ᅵ,ᆯ
요즘,ᄋ,ᅭ,ᄌ,ᅳ,ᆷ
요청,ᄋ,ᅭ,ᄎ,ᅥ,ᆼ
용기,ᄋ,ᅭ,ᆼ,ᄀ,ᅵ
용기,ᄋ,ᅭ,ᆼ,ᄀ,ᅵ
용도,ᄋ,ᅭ,ᆼ,ᄃ,ᅩ
용서,ᄋ,ᅭ,ᆼ,ᄉ,ᅥ
용어,ᄋ,ᅭ,ᆼ,ᄋ,ᅥ
우산,ᄋ,ᅮ,ᄉ,ᅡ,ᆫ
우승,ᄋ,ᅮ,ᄉ,ᅳ,ᆼ
우정,ᄋ,ᅮ,ᄌ,ᅥ,ᆼ
우편,ᄋ,ᅮ,ᄑ,ᅧ,ᆫ
원고,ᄋ,ᅯ,ᆫ,ᄀ,ᅩ
원래,ᄋ,ᅯ,ᆫ,ᄅ,ᅢ
원서,ᄋ,ᅯ,ᆫ,ᄉ,ᅥ
월세,ᄋ,ᅯ,ᆯ,ᄉ,ᅦ
위반,ᄋ,ᅱ,ᄇ,ᅡ,ᆫ
위법,ᄋ,ᅱ,ᄇ,ᅥ,ᆸ
위성,ᄋ,ᅱ,ᄉ,ᅥ,ᆼ
위원,ᄋ,ᅱ,ᄋ,ᅯ,ᆫ
위쪽,ᄋ,ᅱ,ᄍ,ᅩ,ᆨ
위층,ᄋ,ᅱ,ᄎ,ᅳ,ᆼ
위험,ᄋ,ᅱ,ᄒ,ᅥ,ᆷ
위협,ᄋ,ᅱ,ᄒ,ᅧ,ᆸ
유명,ᄋ,ᅲ,ᄆ,ᅧ,ᆼ
유물,ᄋ,ᅲ,ᄆ,ᅮ,ᆯ
유산,ᄋ,ᅲ,ᄉ,ᅡ,ᆫ
유월,ᄋ,ᅲ,ᄋ,ᅯ,ᆯ
유적,ᄋ,ᅲ,ᄌ,ᅥ,ᆨ
유학,ᄋ,ᅲ,ᄒ,ᅡ,ᆨ
유학,ᄋ,ᅲ,ᄒ,ᅡ,ᆨ
유행,ᄋ,ᅲ,ᄒ,ᅢ,ᆼ
유형,ᄋ,ᅲ,ᄒ,ᅧ,ᆼ
육체,ᄋ,ᅲ,ᆨ,ᄎ,ᅦ
음료,ᄋ,ᅳ,ᆷ,ᄅ,ᅭ
음주,ᄋ,ᅳ,ᆷ,ᄌ,ᅮ
의견,ᄋ,ᅴ,ᄀ,ᅧ,ᆫ
의논,ᄋ,ᅴ,ᄂ,ᅩ,ᆫ
의문,ᄋ,ᅴ,ᄆ,ᅮ,ᆫ
의복,ᄋ,ᅴ,ᄇ,ᅩ,ᆨ
의식,ᄋ,ᅴ,ᄉ,ᅵ,ᆨ
의식,ᄋ,ᅴ,ᄉ,ᅵ,ᆨ
의심,ᄋ,ᅴ,ᄉ,ᅵ,ᆷ
의욕,ᄋ,ᅴ,ᄋ,ᅭ,ᆨ
의원,ᄋ,ᅴ,ᄋ,ᅯ,ᆫ
의학,ᄋ,ᅴ,ᄒ,ᅡ,ᆨ
이날,ᄋ,ᅵ,ᄂ,ᅡ,ᆯ
이념,ᄋ,ᅵ,ᄂ,ᅧ,ᆷ
이달,ᄋ,ᅵ,ᄃ,ᅡ,ᆯ
이동,ᄋ,ᅵ,ᄃ,ᅩ,ᆼ
이름,ᄋ,ᅵ,ᄅ,ᅳ,ᆷ
이민,ᄋ,ᅵ,ᄆ,ᅵ,ᆫ
이번,ᄋ,ᅵ,ᄇ,ᅥ,ᆫ
이별,ᄋ,ᅵ,ᄇ,ᅧ,ᆯ
이불,ᄋ,ᅵ,ᄇ,ᅮ,ᆯ
이빨,ᄋ,ᅵ,ᄈ,ᅡ,ᆯ
이상,ᄋ,ᅵ,ᄉ,ᅡ,ᆼ
이상,ᄋ,ᅵ,ᄉ,ᅡ,ᆼ
이상,ᄋ,ᅵ,ᄉ,ᅡ,ᆼ
이성,ᄋ,ᅵ,ᄉ,ᅥ,ᆼ
이성,ᄋ,ᅵ,ᄉ,ᅥ,ᆼ
이슬,ᄋ,ᅵ,ᄉ,ᅳ,ᆯ
이용,ᄋ,ᅵ,ᄋ,ᅭ,ᆼ
이웃,ᄋ,ᅵ,ᄋ,ᅮ,ᆺ
이월,ᄋ,ᅵ,ᄋ,ᅯ,ᆯ
이익,ᄋ,ᅵ,ᄋ,ᅵ,ᆨ
이전,ᄋ,ᅵ,ᄌ,ᅥ,ᆫ
이중,ᄋ,ᅵ,ᄌ,ᅮ,ᆼ
이틀,ᄋ,ᅵ,ᄐ,ᅳ,ᆯ
이혼,ᄋ,ᅵ,ᄒ,ᅩ,ᆫ
인구,ᄋ,ᅵ,ᆫ,ᄀ,ᅮ
인기,ᄋ,ᅵ,ᆫ,ᄀ,ᅵ
인도,ᄋ,ᅵ,ᆫ,ᄃ,ᅩ
인류,ᄋ,ᅵ,ᆫ,ᄅ,ᅲ
인사,ᄋ,ᅵ,ᆫ,ᄉ,ᅡ
인사,ᄋ,ᅵ,ᆫ,ᄉ,ᅡ
인사,ᄋ,ᅵ,ᆫ,ᄉ,ᅡ
인쇄,ᄋ,ᅵ,ᆫ,ᄉ,ᅫ
인재,ᄋ,ᅵ,ᆫ,ᄌ,ᅢ
인제,ᄋ,ᅵ,ᆫ,ᄌ,ᅦ
인체,ᄋ,ᅵ,ᆫ,ᄎ,ᅦ
인하,ᄋ,ᅵ,ᆫ,ᄒ,ᅡ
일기,ᄋ,ᅵ,ᆯ,ᄀ,ᅵ
일기,ᄋ,ᅵ,ᆯ,ᄀ,ᅵ
일부,ᄋ,ᅵ,ᆯ,ᄇ,ᅮ
일쑤,ᄋ,ᅵ,ᆯ,ᄊ,ᅮ
일자,ᄋ,ᅵ,ᆯ,ᄌ,ᅡ
일체,ᄋ,ᅵ,ᆯ,ᄎ,ᅦ
일치,ᄋ,ᅵ,ᆯ,ᄎ,ᅵ
임무,ᄋ,ᅵ,ᆷ,ᄆ,ᅮ
임시,ᄋ,ᅵ,ᆷ,ᄉ,ᅵ
입구,ᄋ,ᅵ,ᆸ,ᄀ,ᅮ
입대,ᄋ,ᅵ,ᆸ,ᄃ,ᅢ
입사,ᄋ,ᅵ,ᆸ,ᄉ,ᅡ
입시,ᄋ,ᅵ,ᆸ,ᄉ,ᅵ
자격,ᄌ,ᅡ,ᄀ,ᅧ,ᆨ
자극,ᄌ,ᅡ,ᄀ,ᅳ,ᆨ
자동,ᄌ,ᅡ,ᄃ,ᅩ,ᆼ
자랑,ᄌ,ᅡ,ᄅ,ᅡ,ᆼ
자살,ᄌ,ᅡ,ᄉ,ᅡ,ᆯ
자식,ᄌ,ᅡ,ᄉ,ᅵ,ᆨ
자신,ᄌ,ᅡ,ᄉ,ᅵ,ᆫ
자신,ᄌ,ᅡ,ᄉ,ᅵ,ᆫ
자연,ᄌ,ᅡ,ᄋ,ᅧ,ᆫ
자원,ᄌ,ᅡ,ᄋ,ᅯ,ᆫ
자율,ᄌ,ᅡ,ᄋ,ᅲ,ᆯ
자정,ᄌ,ᅡ,ᄌ,ᅥ,ᆼ
자판,ᄌ,ᅡ,ᄑ,ᅡ,ᆫ
작가,ᄌ,ᅡ,ᆨ,ᄀ,ᅡ
잔디,ᄌ,ᅡ,ᆫ,ᄃ,ᅵ
잔치,ᄌ,ᅡ,ᆫ,ᄎ,ᅵ
잠바,ᄌ,ᅡ,ᆷ,ᄇ,ᅡ
잠시,ᄌ,ᅡ,ᆷ,ᄉ,ᅵ
잡지,ᄌ,ᅡ,ᆸ,ᄌ,ᅵ
장가,ᄌ,ᅡ,ᆼ,ᄀ,ᅡ
장래,ᄌ,ᅡ,ᆼ,ᄅ,ᅢ
장례,ᄌ,ᅡ,ᆼ,ᄅ,ᅨ
장르,ᄌ,ᅡ,ᆼ,ᄅ,ᅳ
장마,ᄌ,ᅡ,ᆼ,ᄆ,ᅡ
장모,ᄌ,ᅡ,ᆼ,ᄆ,ᅩ
장미,ᄌ,ᅡ,ᆼ,ᄆ,ᅵ
장비,ᄌ,ᅡ,ᆼ,ᄇ,ᅵ
장사,ᄌ,ᅡ,ᆼ,ᄉ,ᅡ
장소,ᄌ,ᅡ,ᆼ,ᄉ,ᅩ
장수,ᄌ,ᅡ,ᆼ,ᄉ,ᅮ
재능,ᄌ,ᅢ,ᄂ,ᅳ,ᆼ
재산,ᄌ,ᅢ,ᄉ,ᅡ,ᆫ
재생,ᄌ,ᅢ,ᄉ,ᅢ,ᆼ
재정,ᄌ,ᅢ,ᄌ,ᅥ,ᆼ
재판,ᄌ,ᅢ,ᄑ,ᅡ,ᆫ
재학,ᄌ,ᅢ,ᄒ,ᅡ,ᆨ
저녁,ᄌ,ᅥ,ᄂ,ᅧ,ᆨ
저번,ᄌ,ᅥ,ᄇ,ᅥ,ᆫ
저울,ᄌ,ᅥ,ᄋ,ᅮ,ᆯ
저축,ᄌ,ᅥ,ᄎ,ᅮ,ᆨ
전개,ᄌ,ᅥ,ᆫ,ᄀ,ᅢ
전구,ᄌ,ᅥ,ᆫ,ᄀ,ᅮ
전기,ᄌ,ᅥ,ᆫ,ᄀ,ᅵ
전기,ᄌ,ᅥ,ᆫ,ᄀ,ᅵ
전기,ᄌ,ᅥ,ᆫ,ᄀ,ᅵ
전부,ᄌ,ᅥ,ᆫ,ᄇ,ᅮ
전세,ᄌ,ᅥ,ᆫ,ᄉ,ᅦ
전시,ᄌ,ᅥ,ᆫ,ᄉ,ᅵ
전자,ᄌ,ᅥ,ᆫ,ᄌ,ᅡ
전체,ᄌ,ᅥ,ᆫ,ᄎ,ᅦ
전화,ᄌ,ᅥ,ᆫ,ᄒ,ᅪ
전후,ᄌ,ᅥ,ᆫ,ᄒ,ᅮ
절대,ᄌ,ᅥ,ᆯ,ᄃ,ᅢ
절차,ᄌ,ᅥ,ᆯ,ᄎ,ᅡ
점수,ᄌ,ᅥ,ᆷ,ᄉ,ᅮ
접시,ᄌ,ᅥ,ᆸ,ᄉ,ᅵ
정기,ᄌ,ᅥ,ᆼ,ᄀ,ᅵ
정도,ᄌ,ᅥ,ᆼ,ᄃ,ᅩ
정리,ᄌ,ᅥ,ᆼ,ᄅ,ᅵ
정보,ᄌ,ᅥ,ᆼ,ᄇ,ᅩ
정부,ᄌ,ᅥ,ᆼ,ᄇ,ᅮ
정비,ᄌ,ᅥ,ᆼ,ᄇ,ᅵ
정오,ᄌ,ᅥ,ᆼ,ᄋ,ᅩ
정지,ᄌ,ᅥ,ᆼ,ᄌ,ᅵ
정치,ᄌ,ᅥ,ᆼ,ᄎ,ᅵ
제공,ᄌ,ᅦ,ᄀ,ᅩ,ᆼ
제목,ᄌ,ᅦ,ᄆ,ᅩ,ᆨ
제안,ᄌ,ᅦ,ᄋ,ᅡ,ᆫ
제약,ᄌ,ᅦ,ᄋ,ᅣ,ᆨ
제일,ᄌ,ᅦ,ᄋ,ᅵ,ᆯ
제작,ᄌ,ᅦ,ᄌ,ᅡ,ᆨ
제출,ᄌ,ᅦ,ᄎ,ᅮ,ᆯ
제품,ᄌ,ᅦ,ᄑ,ᅮ,ᆷ
제한,ᄌ,ᅦ,ᄒ,ᅡ,ᆫ
조각,ᄌ,ᅩ,ᄀ,ᅡ,ᆨ
조각,ᄌ,ᅩ,ᄀ,ᅡ,ᆨ
조건,ᄌ,ᅩ,ᄀ,ᅥ,ᆫ
조금,ᄌ,ᅩ,ᄀ,ᅳ,ᆷ
조깅,ᄌ,ᅩ,ᄀ,ᅵ,ᆼ
조명,ᄌ,ᅩ,ᄆ,ᅧ,ᆼ
조상,ᄌ,ᅩ,ᄉ,ᅡ,ᆼ
조절,ᄌ,ᅩ,ᄌ,ᅥ,ᆯ
조정,ᄌ,ᅩ,ᄌ,ᅥ,ᆼ
조직,ᄌ,ᅩ,ᄌ,ᅵ,ᆨ
존재,ᄌ,ᅩ,ᆫ,ᄌ,ᅢ
종교,ᄌ,ᅩ,ᆼ,ᄀ,ᅭ
종류,ᄌ,ᅩ,ᆼ,ᄅ,ᅲ
종이,ᄌ,ᅩ,ᆼ,ᄋ,ᅵ
좌석,ᄌ,ᅪ,ᄉ,ᅥ,ᆨ
죄인,ᄌ,ᅬ,ᄋ,ᅵ,ᆫ
주름,ᄌ,ᅮ,ᄅ,ᅳ,ᆷ
주말,ᄌ,ᅮ,ᄆ,ᅡ,ᆯ
주먹,ᄌ,ᅮ,ᄆ,ᅥ,ᆨ
주문,ᄌ,ᅮ,ᄆ,ᅮ,ᆫ
주문,ᄌ,ᅮ,ᄆ,ᅮ,ᆫ
주민,ᄌ,ᅮ,ᄆ,ᅵ,ᆫ
주방,ᄌ,ᅮ,ᄇ,ᅡ,ᆼ
주변,ᄌ,ᅮ,ᄇ,ᅧ,ᆫ
주식,ᄌ,ᅮ,ᄉ,ᅵ,ᆨ
주인,ᄌ,ᅮ,ᄋ,ᅵ,ᆫ
주장,ᄌ,ᅮ,ᄌ,ᅡ,ᆼ
주택,ᄌ,ᅮ,ᄐ,ᅢ,ᆨ
주한,ᄌ,ᅮ,ᄒ,ᅡ,ᆫ
준비,ᄌ,ᅮ,ᆫ,ᄇ,ᅵ
줄기,ᄌ,ᅮ,ᆯ,ᄀ,ᅵ
중부,ᄌ,ᅮ,ᆼ,ᄇ,ᅮ
중세,ᄌ,ᅮ,ᆼ,ᄉ,ᅦ
중요,ᄌ,ᅮ,ᆼ,ᄋ,ᅭ
즉시,ᄌ,ᅳ,ᆨ,ᄉ,ᅵ
증가,ᄌ,ᅳ,ᆼ,ᄀ,ᅡ
증거,ᄌ,ᅳ,ᆼ,ᄀ,ᅥ
증세,ᄌ,ᅳ,ᆼ,ᄉ,ᅦ
지각,ᄌ,ᅵ,ᄀ,ᅡ,ᆨ
지갑,ᄌ,ᅵ,ᄀ,ᅡ,ᆸ
지금,ᄌ,ᅵ,ᄀ,ᅳ,ᆷ
지급,ᄌ,ᅵ,ᄀ,ᅳ,ᆸ
지능,ᄌ,ᅵ,ᄂ,ᅳ,ᆼ
지방,ᄌ,ᅵ,ᄇ,ᅡ,ᆼ
지방,ᄌ,ᅵ,ᄇ,ᅡ,ᆼ
지붕,ᄌ,ᅵ,ᄇ,ᅮ,ᆼ
지식,ᄌ,ᅵ,ᄉ,ᅵ,ᆨ
지역,ᄌ,ᅵ,ᄋ,ᅧ,ᆨ
지원,ᄌ,ᅵ,ᄋ,ᅯ,ᆫ
지적,ᄌ,ᅵ,ᄌ,ᅥ,ᆨ
지적,ᄌ,ᅵ,ᄌ,ᅥ,ᆨ
지점,ᄌ,ᅵ,ᄌ,ᅥ,ᆷ
지점,ᄌ,ᅵ,ᄌ,ᅥ,ᆷ
지진,ᄌ,ᅵ,ᄌ,ᅵ,ᆫ
지출,ᄌ,ᅵ,ᄎ,ᅮ,ᆯ
직후,ᄌ,ᅵ,ᆨ,ᄒ,ᅮ
진로,ᄌ,ᅵ,ᆫ,ᄅ,ᅩ
진료,ᄌ,ᅵ,ᆫ,ᄅ,ᅭ
진리,ᄌ,ᅵ,ᆫ,ᄅ,ᅵ
진짜,ᄌ,ᅵ,ᆫ,ᄍ,ᅡ
질서,ᄌ,ᅵ,ᆯ,ᄉ,ᅥ
짜증,ᄍ,ᅡ,ᄌ,ᅳ,ᆼ
차남,ᄎ,ᅡ,ᄂ,ᅡ,ᆷ
차량,ᄎ,ᅡ,ᄅ,ᅣ,ᆼ
차림,ᄎ,ᅡ,ᄅ,ᅵ,ᆷ
차별,ᄎ,ᅡ,ᄇ,ᅧ,ᆯ
차선,ᄎ,ᅡ,ᄉ,ᅥ,ᆫ
차창,ᄎ,ᅡ,ᄎ,ᅡ,ᆼ
참가,ᄎ,ᅡ,ᆷ,ᄀ,ᅡ
참새,ᄎ,ᅡ,ᆷ,ᄉ,ᅢ
참여,ᄎ,ᅡ,ᆷ,ᄋ,ᅧ
참외,ᄎ,ᅡ,ᆷ,ᄋ,ᅬ
참조,ᄎ,ᅡ,ᆷ,ᄌ,ᅩ
창가,ᄎ,ᅡ,ᆼ,ᄀ,ᅡ
창고,ᄎ,ᅡ,ᆼ,ᄀ,ᅩ
창구,ᄎ,ᅡ,ᆼ,ᄀ,ᅮ
창조,ᄎ,ᅡ,ᆼ,ᄌ,ᅩ
채널,ᄎ,ᅢ,ᄂ,ᅥ,ᆯ
채점,ᄎ,ᅢ,ᄌ,ᅥ,ᆷ
처벌,ᄎ,ᅥ,ᄇ,ᅥ,ᆯ
처음,ᄎ,ᅥ,ᄋ,ᅳ,ᆷ
천재,ᄎ,ᅥ,ᆫ,ᄌ,ᅢ
철도,ᄎ,ᅥ,ᆯ,ᄃ,ᅩ
청소,ᄎ,ᅥ,ᆼ,ᄉ,ᅩ
체력,ᄎ,ᅦ,ᄅ,ᅧ,ᆨ
체온,ᄎ,ᅦ,ᄋ,ᅩ,ᆫ
체육,ᄎ,ᅦ,ᄋ,ᅲ,ᆨ
체중,ᄎ,ᅦ,ᄌ,ᅮ,ᆼ
체험,ᄎ,ᅦ,ᄒ,ᅥ,ᆷ
초반,ᄎ,ᅩ,ᄇ,ᅡ,ᆫ
초밥,ᄎ,ᅩ,ᄇ,ᅡ,ᆸ
초순,ᄎ,ᅩ,ᄉ,ᅮ,ᆫ
초원,ᄎ,ᅩ,ᄋ,ᅯ,ᆫ
초점,ᄎ,ᅩ,ᄌ,ᅥ,ᆷ
초청,ᄎ,ᅩ,ᄎ,ᅥ,ᆼ
총리,ᄎ,ᅩ,ᆼ,ᄅ,ᅵ
최근,ᄎ,ᅬ,ᄀ,ᅳ,ᆫ
최상,ᄎ,ᅬ,ᄉ,ᅡ,ᆼ
최선,ᄎ,ᅬ,ᄉ,ᅥ,ᆫ
최신,ᄎ,ᅬ,ᄉ,ᅵ,ᆫ
최악,ᄎ,ᅬ,ᄋ,ᅡ,ᆨ
최종,ᄎ,ᅬ,ᄌ,ᅩ,ᆼ
추석,ᄎ,ᅮ,ᄉ,ᅥ,ᆨ
추억,ᄎ,ᅮ,ᄋ,ᅥ,ᆨ
추진,ᄎ,ᅮ,ᄌ,ᅵ,ᆫ
추천,ᄎ,ᅮ,ᄎ,ᅥ,ᆫ
추측,ᄎ,ᅮ,ᄎ,ᅳ,ᆨ
축구,ᄎ,ᅮ,ᆨ,ᄀ,ᅮ
축소,ᄎ,ᅮ,ᆨ,ᄉ,ᅩ
축제,ᄎ,ᅮ,ᆨ,ᄌ,ᅦ
축하,ᄎ,ᅮ,ᆨ,ᄒ,ᅡ
출구,ᄎ,ᅮ,ᆯ,ᄀ,ᅮ
충고,ᄎ,ᅮ,ᆼ,ᄀ,ᅩ
취업,ᄎ,ᅱ,ᄋ,ᅥ,ᆸ
취직,ᄎ,ᅱ,ᄌ,ᅵ,ᆨ
취향,ᄎ,ᅱ,ᄒ,ᅣ,ᆼ
치약,ᄎ,ᅵ,ᄋ,ᅣ,ᆨ
친구,ᄎ,ᅵ,ᆫ,ᄀ,ᅮ
침대,ᄎ,ᅵ,ᆷ,ᄃ,ᅢ
커튼,ᄏ,ᅥ,ᄐ,ᅳ,ᆫ
컬러,ᄏ,ᅥ,ᆯ,ᄅ,ᅥ
케첩,ᄏ,ᅦ,ᄎ,ᅥ,ᆸ
코끝,ᄏ,ᅩ,ᄁ,ᅳ,ᇀ
콜라,ᄏ,ᅩ,ᆯ,ᄅ,ᅡ
쾌감,ᄏ,ᅫ,ᄀ,ᅡ,ᆷ
크림,ᄏ,ᅳ,ᄅ,ᅵ,ᆷ
타락,ᄐ,ᅡ,ᄅ,ᅡ,ᆨ
타입,ᄐ,ᅡ,ᄋ,ᅵ,ᆸ
탁구,ᄐ,ᅡ,ᆨ,ᄀ,ᅮ
탁자,ᄐ,ᅡ,ᆨ,ᄌ,ᅡ
태양,ᄐ,ᅢ,ᄋ,ᅣ,ᆼ
태풍,ᄐ,ᅢ,ᄑ,ᅮ,ᆼ
택시,ᄐ,ᅢ,ᆨ,ᄉ,ᅵ
터널,ᄐ,ᅥ,ᄂ,ᅥ,ᆯ
토론,ᄐ,ᅩ,ᄅ,ᅩ,ᆫ
통계,ᄐ,ᅩ,ᆼ,ᄀ,ᅨ
통과,ᄐ,ᅩ,ᆼ,ᄀ,ᅪ
통로,ᄐ,ᅩ,ᆼ,ᄅ,ᅩ
통제,ᄐ,ᅩ,ᆼ,ᄌ,ᅦ
통화,ᄐ,ᅩ,ᆼ,ᄒ,ᅪ
통화,ᄐ,ᅩ,ᆼ,ᄒ,ᅪ
퇴근,ᄐ,ᅬ,ᄀ,ᅳ,ᆫ
퇴원,ᄐ,ᅬ,ᄋ,ᅯ,ᆫ
튀김,ᄐ,ᅱ,ᄀ,ᅵ,ᆷ
트럭,ᄐ,ᅳ,ᄅ,ᅥ,ᆨ
특수,ᄐ,ᅳ,ᆨ,ᄉ,ᅮ
파일,ᄑ,ᅡ,ᄋ,ᅵ,ᆯ
판매,ᄑ,ᅡ,ᆫ,ᄆ,ᅢ
판사,ᄑ,ᅡ,ᆫ,ᄉ,ᅡ
패션,ᄑ,ᅢ,ᄉ,ᅧ,ᆫ
팩스,ᄑ,ᅢ,ᆨ,ᄉ,ᅳ
팬티,ᄑ,ᅢ,ᆫ,ᄐ,ᅵ
편의,ᄑ,ᅧ,ᆫ,ᄋ,ᅴ
편지,ᄑ,ᅧ,ᆫ,ᄌ,ᅵ
평가,ᄑ,ᅧ,ᆼ,ᄀ,ᅡ
평소,ᄑ,ᅧ,ᆼ,ᄉ,ᅩ
평화,ᄑ,ᅧ,ᆼ,ᄒ,ᅪ
포장,ᄑ,ᅩ,ᄌ,ᅡ,ᆼ
포함,ᄑ,ᅩ,ᄒ,ᅡ,ᆷ
표면,ᄑ,ᅭ,ᄆ,ᅧ,ᆫ
표정,ᄑ,ᅭ,ᄌ,ᅥ,ᆼ
표준,ᄑ,ᅭ,ᄌ,ᅮ,ᆫ
표현,ᄑ,ᅭ,ᄒ,ᅧ,ᆫ
피곤,ᄑ,ᅵ,ᄀ,ᅩ,ᆫ
피망,ᄑ,ᅵ,ᄆ,ᅡ,ᆼ
필수,ᄑ,ᅵ,ᆯ,ᄉ,ᅮ
필요,ᄑ,ᅵ,ᆯ,ᄋ,ᅭ
필자,ᄑ,ᅵ,ᆯ,ᄌ,ᅡ
핑계,ᄑ,ᅵ,ᆼ,ᄀ,ᅨ
하늘,ᄒ,ᅡ,ᄂ,ᅳ,ᆯ
하순,ᄒ,ᅡ,ᄉ,ᅮ,ᆫ
하천,ᄒ,ᅡ,ᄎ,ᅥ,ᆫ
하품,ᄒ,ᅡ,ᄑ,ᅮ,ᆷ
학과,ᄒ,ᅡ,ᆨ,ᄀ,ᅪ
학교,ᄒ,ᅡ,ᆨ,ᄀ,ᅭ
학기,ᄒ,ᅡ,ᆨ,ᄀ,ᅵ
학비,ᄒ,ᅡ,ᆨ,ᄇ,ᅵ
학위,ᄒ,ᅡ,ᆨ,ᄋ,ᅱ
학자,ᄒ,ᅡ,ᆨ,ᄌ,ᅡ
한계,ᄒ,ᅡ,ᆫ,ᄀ,ᅨ
한때,ᄒ,ᅡ,ᆫ,ᄄ,ᅢ
한자,ᄒ,ᅡ,ᆫ,ᄌ,ᅡ
항구,ᄒ,ᅡ,ᆼ,ᄀ,ᅮ
항의,ᄒ,ᅡ,ᆼ,ᄋ,ᅴ
해결,ᄒ,ᅢ,ᄀ,ᅧ,ᆯ
해군,ᄒ,ᅢ,ᄀ,ᅮ,ᆫ
해답,ᄒ,ᅢ,ᄃ,ᅡ,ᆸ
해당,ᄒ,ᅢ,ᄃ,ᅡ,ᆼ
해물,ᄒ,ᅢ,ᄆ,ᅮ,ᆯ
해석,ᄒ,ᅢ,ᄉ,ᅥ,ᆨ
해석,ᄒ,ᅢ,ᄉ,ᅥ,ᆨ
해설,ᄒ,ᅢ,ᄉ,ᅥ,ᆯ
해안,ᄒ,ᅢ,ᄋ,ᅡ,ᆫ
행사,ᄒ,ᅢ,ᆼ,ᄉ,ᅡ
행사,ᄒ,ᅢ,ᆼ,ᄉ,ᅡ
행위,ᄒ,ᅢ,ᆼ,ᄋ,ᅱ
향기,ᄒ,ᅣ,ᆼ,ᄀ,ᅵ
향수,ᄒ,ᅣ,ᆼ,ᄉ,ᅮ
허락,ᄒ,ᅥ,ᄅ,ᅡ,ᆨ
허용,ᄒ,ᅥ,ᄋ,ᅭ,ᆼ
헬기,ᄒ,ᅦ,ᆯ,ᄀ,ᅵ
현대,ᄒ,ᅧ,ᆫ,ᄃ,ᅢ
현재,ᄒ,ᅧ,ᆫ,ᄌ,ᅢ
현지,ᄒ,ᅧ,ᆫ,ᄌ,ᅵ
형부,ᄒ,ᅧ,ᆼ,ᄇ,ᅮ
형사,ᄒ,ᅧ,ᆼ,ᄉ,ᅡ
형수,ᄒ,ᅧ,ᆼ,ᄉ,ᅮ
형제,ᄒ,ᅧ,ᆼ,ᄌ,ᅦ
형태,ᄒ,ᅧ,ᆼ,ᄐ,ᅢ
혜택,ᄒ,ᅨ,ᄐ,ᅢ,ᆨ
호남,ᄒ,ᅩ,ᄂ,ᅡ,ᆷ
호박,ᄒ,ᅩ,ᄇ,ᅡ,ᆨ
호실,ᄒ,ᅩ,ᄉ,ᅵ,ᆯ
호텔,ᄒ,ᅩ,ᄐ,ᅦ,ᆯ
호흡,ᄒ,ᅩ,ᄒ,ᅳ,ᆸ
혼자,ᄒ,ᅩ,ᆫ,ᄌ,ᅡ
홍보,ᄒ,ᅩ,ᆼ,ᄇ,ᅩ
홍수,ᄒ,ᅩ,ᆼ,ᄉ,ᅮ
홍차,ᄒ,ᅩ,ᆼ,ᄎ,ᅡ
화면,ᄒ,ᅪ,ᄆ,ᅧ,ᆫ
화분,ᄒ,ᅪ,ᄇ,ᅮ,ᆫ
화살,ᄒ,ᅪ,ᄉ,ᅡ,ᆯ
화장,ᄒ,ᅪ,ᄌ,ᅡ,ᆼ
화학,ᄒ,ᅪ,ᄒ,ᅡ,ᆨ
확보,ᄒ,ᅪ,ᆨ,ᄇ,ᅩ
환자,ᄒ,ᅪ,ᆫ,ᄌ,ᅡ
활기,ᄒ,ᅪ,ᆯ,ᄀ,ᅵ
회견,ᄒ,ᅬ,ᄀ,ᅧ,ᆫ
회관,ᄒ,ᅬ,ᄀ,ᅪ,ᆫ
회복,ᄒ,ᅬ,ᄇ,ᅩ,ᆨ
회색,ᄒ,ᅬ,ᄉ,ᅢ,ᆨ
회원,ᄒ,ᅬ,ᄋ,ᅯ,ᆫ
회장,ᄒ,ᅬ,ᄌ,ᅡ,ᆼ
회전,ᄒ,ᅬ,ᄌ,ᅥ,ᆫ
횟수,ᄒ,ᅬ,ᆺ,ᄉ,ᅮ
후반,ᄒ,ᅮ,ᄇ,ᅡ,ᆫ
휴식,ᄒ,ᅲ,ᄉ,ᅵ,ᆨ
휴일,ᄒ,ᅲ,ᄋ,ᅵ,ᆯ
흉내,ᄒ,ᅲ,ᆼ,ᄂ,ᅢ
흐름,ᄒ,ᅳ,ᄅ,ᅳ,ᆷ
흥미,ᄒ,ᅳ,ᆼ,ᄆ,ᅵ
희곡,ᄒ,ᅴ,ᄀ,ᅩ,ᆨ
희망,ᄒ,ᅴ,ᄆ,ᅡ,ᆼ
희생,ᄒ,ᅴ,ᄉ,ᅢ,ᆼ
